Feature,Importance
planned_pour_tonnes,0.6437507088012666
rain_mm,0.12250443733654455
deliveries_tonnes,0.11324921985847229
opening_inventory_tonnes,0.10738713499231616
avg_temp_c,0.012822126510668884
silo_capacity,9.951364171412762e-05
month,9.58810634949317e-05
day_of_week,9.097779552257919e-05
