Model,MAE,RMSE,MAPE,R2_Score
Random Forest,0.16337715936739677,0.7117390564354296,60365356355712.99,0.9982231946454911
SARIMAX,7.29142696029166,9.944547526650318,4512261145605419.0,0.653128743769818
